Date,Open,High,Low,Close,Adj Close,Volume
"Apr 10, 2026",611.8400268554688,613.6699829101562,609.5800170898438,611.0700073242188,611.0700073242188,33831300
"Apr 9, 2026",605.9299926757812,610.5,603.030029296875,610.1900024414062,610.1900024414062,37837500
"Apr 8, 2026",608.7100219726562,609.9000244140625,602.1199951171875,606.0900268554688,606.0900268554688,63086000
"Apr 7, 2026",585.6400146484375,588.97998046875,578.4000244140625,588.5900268554688,588.5900268554688,49948200
"Apr 6, 2026",586.22998046875,590.6099853515625,584.6900024414062,588.5,588.5,35108500
"Apr 2, 2026",573.969970703125,586.0499877929688,571.9199829101562,584.97998046875,584.97998046875,50941700
"Apr 1, 2026",581.47998046875,587.739990234375,580.4199829101562,584.3099975585938,584.3099975585938,79435100
"Mar 31, 2026",564.2899780273438,578.6400146484375,564.2100219726562,577.1799926757812,577.1799926757812,95878000
"Mar 30, 2026",567.3800048828125,568.0499877929688,555.5999755859375,558.280029296875,558.280029296875,70602600
"Mar 27, 2026",570.8099975585938,571.02001953125,561.5700073242188,562.5800170898438,562.5800170898438,82702200
"Mar 26, 2026",582.5999755859375,584.6300048828125,573.4299926757812,573.7899780273438,573.7899780273438,81492100
"Mar 25, 2026",589.1400146484375,591.3699951171875,585.6900024414062,587.8200073242188,587.8200073242188,60475500
"Mar 24, 2026",584.8099975585938,587.9299926757812,581.9299926757812,583.97998046875,583.97998046875,57750900
"Mar 23, 2026",590.52001953125,595.0800170898438,585.9600219726562,588.0,588.0,89936100
"Mar 20, 2026",591.0599975585938,591.1699829101562,578.5399780273438,582.0599975585938,581.3269653320312,91964700
"Mar 19, 2026",589.510009765625,595.7999877929688,587.0800170898438,593.02001953125,592.273193359375,75597600
"Mar 18, 2026",601.489990234375,603.1599731445312,594.5599975585938,594.9000244140625,594.15087890625,56128000
"Mar 17, 2026",603.1400146484375,605.9000244140625,601.8699951171875,603.3099975585938,602.5502319335938,47106600
"Mar 16, 2026",600.0399780273438,603.8599853515625,599.1099853515625,600.3800048828125,599.6239013671875,49077200
"Mar 13, 2026",599.72998046875,603.5999755859375,592.5700073242188,593.719970703125,592.9722900390625,63145500
"Mar 12, 2026",602.760009765625,604.1400146484375,597.0499877929688,597.260009765625,596.5078735351562,71836600
"Mar 11, 2026",608.9500122070312,612.4299926757812,605.030029296875,607.6900024414062,606.9247436523438,60114800
"Mar 10, 2026",607.780029296875,613.2899780273438,605.4199829101562,607.77001953125,607.004638671875,64078900
"Mar 9, 2026",594.22998046875,609.27001953125,591.3300170898438,607.760009765625,606.99462890625,93068200
"Mar 6, 2026",600.3099975585938,606.0,598.3300170898438,599.75,598.9946899414062,86302300
"Mar 5, 2026",607.4000244140625,612.760009765625,602.260009765625,608.9099731445312,608.1431274414062,89602400
"Mar 4, 2026",604.1599731445312,612.8800048828125,603.4299926757812,610.75,609.9808959960938,70943900
"Mar 3, 2026",596.3300170898438,603.9600219726562,591.8699951171875,601.5800170898438,600.8224487304688,97015500
"Mar 2, 2026",598.8599853515625,609.9199829101562,597.989990234375,608.0900268554688,607.32421875,75264600
"Feb 27, 2026",602.97998046875,608.3200073242188,602.1900024414062,607.2899780273438,606.5252075195312,68125200
"Feb 26, 2026",615.5900268554688,615.5900268554688,603.97998046875,609.239990234375,608.4727783203125,96178900
"Feb 25, 2026",611.0700073242188,616.8300170898438,611.0,616.6799926757812,615.9033813476562,55710700
"Feb 24, 2026",602.4000244140625,608.989990234375,599.72998046875,607.8699951171875,607.1044921875,55023700
"Feb 23, 2026",606.6099853515625,608.010009765625,599.0499877929688,601.4099731445312,600.652587890625,63859100
"Feb 20, 2026",600.1199951171875,610.3499755859375,599.22998046875,608.8099975585938,608.0433349609375,74127300
"Feb 19, 2026",602.8099975585938,605.8200073242188,600.75,603.469970703125,602.7100219726562,60960800
"Feb 18, 2026",602.1099853515625,609.77001953125,600.719970703125,605.7899780273438,605.027099609375,64250700
"Feb 17, 2026",598.3800048828125,603.9500122070312,593.3400268554688,601.2999877929688,600.542724609375,69013800
"Feb 13, 2026",600.4299926757812,606.47998046875,596.4199829101562,601.9199829101562,601.1619873046875,69237500
"Feb 12, 2026",614.7100219726562,615.8099975585938,599.5700073242188,600.6400146484375,599.8836059570312,81378900
"Feb 11, 2026",616.3800048828125,617.52001953125,607.6900024414062,613.1099853515625,612.337890625,58575100
"Feb 10, 2026",615.3099975585938,617.02001953125,611.010009765625,611.469970703125,610.699951171875,53938900
"Feb 9, 2026",607.5399780273438,616.4600219726562,605.0700073242188,614.3200073242188,613.54638671875,56797600
"Feb 6, 2026",600.1900024414062,611.4099731445312,598.77001953125,609.6500244140625,608.8822631835938,78019300
"Feb 5, 2026",600.2100219726562,604.8099975585938,594.760009765625,597.030029296875,596.2781982421875,89354500
"Feb 4, 2026",615.02001953125,615.0999755859375,600.469970703125,605.75,604.9871826171875,81850700
"Feb 3, 2026",628.2999877929688,629.97998046875,610.9600219726562,616.52001953125,615.7435913085938,81234000
"Feb 2, 2026",618.7000122070312,628.489990234375,618.6599731445312,626.1400146484375,625.3515014648438,49020300
"Jan 30, 2026",625.7100219726562,628.260009765625,619.2999877929688,621.8699951171875,621.0868530273438,65650700
"Jan 29, 2026",632.6500244140625,633.6699829101562,618.27001953125,629.4299926757812,628.6373291015625,79944000
"Jan 28, 2026",635.4600219726562,636.5999755859375,631.8099975585938,633.219970703125,632.4225463867188,50691700
"Jan 27, 2026",628.9099731445312,632.0399780273438,627.3400268554688,631.1300048828125,630.335205078125,38997200
"Jan 26, 2026",623.2100219726562,627.6099853515625,622.1199951171875,625.4600219726562,624.67236328125,35983000
"Jan 23, 2026",619.72998046875,625.4000244140625,618.6500244140625,622.719970703125,621.935791015625,43645800
"Jan 22, 2026",622.3499755859375,622.4600219726562,617.780029296875,620.760009765625,619.978271484375,42254800
"Jan 21, 2026",609.469970703125,620.4199829101562,607.8599853515625,616.280029296875,615.50390625,79837900
"Jan 20, 2026",610.530029296875,615.0599975585938,607.0499877929688,608.0599975585938,607.2942504882812,81988900
"Jan 16, 2026",625.5,626.0800170898438,618.8800048828125,621.260009765625,620.4776611328125,61058100
"Jan 15, 2026",626.5999755859375,630.0,620.75,621.780029296875,620.9970092773438,53934900
"Jan 14, 2026",622.239990234375,623.4500122070312,614.5599975585938,619.5499877929688,618.769775390625,72598700
"Jan 13, 2026",627.27001953125,629.469970703125,623.7000122070312,626.239990234375,625.4513549804688,44481400
"Jan 12, 2026",622.3099975585938,628.8499755859375,622.260009765625,627.1699829101562,626.3801879882812,37388700
"Jan 9, 2026",621.4099731445312,627.8900146484375,619.0599975585938,626.6500244140625,625.86083984375,49688700
"Jan 8, 2026",623.030029296875,623.4199829101562,617.7999877929688,620.469970703125,619.6885986328125,50435900
"Jan 7, 2026",623.0399780273438,627.9400024414062,622.5599975585938,624.02001953125,623.2341918945312,44880300
"Jan 6, 2026",619.22998046875,624.02001953125,618.5399780273438,623.4199829101562,622.6348876953125,43137500
"Jan 5, 2026",619.3200073242188,620.8099975585938,616.719970703125,617.989990234375,617.2117309570312,46828400
"Jan 2, 2026",620.0599975585938,622.8499755859375,610.1500244140625,613.1199951171875,612.347900390625,61859200
"Dec 31, 2025",619.6500244140625,619.9600219726562,614.0499877929688,614.3099975585938,613.536376953125,40746500
"Dec 30, 2025",619.8400268554688,622.1799926757812,619.219970703125,619.4299926757812,618.64990234375,31226800
"Dec 29, 2025",620.0999755859375,622.780029296875,618.72998046875,620.8699951171875,620.088134765625,32458300
"Dec 26, 2025",624.6599731445312,625.52001953125,623.1400146484375,623.8900146484375,623.1043090820312,28959800
"Dec 24, 2025",621.989990234375,624.280029296875,621.719970703125,623.9299926757812,623.144287109375,18468700
"Dec 23, 2025",618.2000122070312,622.4099731445312,617.780029296875,622.1099853515625,621.3265380859375,41120400
"Dec 22, 2025",621.3499755859375,621.6500244140625,617.77001953125,619.2100219726562,618.4302368164062,43703100
"Dec 19, 2025",611.9500122070312,617.6199951171875,611.8699951171875,617.0499877929688,615.47998046875,60369800
"Dec 18, 2025",609.7999877929688,612.9299926757812,606.9199829101562,609.1099853515625,607.5601196289062,78875800
"Dec 17, 2025",613.0599975585938,613.6500244140625,600.280029296875,600.4099731445312,598.8822631835938,70654300
"Dec 16, 2025",608.260009765625,613.510009765625,606.9099731445312,611.75,610.1934204101562,55152800
"Dec 15, 2025",618.3699951171875,618.4199829101562,609.3200073242188,610.5399780273438,608.9865112304688,49538200
"Dec 12, 2025",622.0800170898438,623.5399780273438,611.3599853515625,613.6199951171875,612.0586547851562,75158700
"Dec 11, 2025",623.8200073242188,625.780029296875,617.719970703125,625.5800170898438,623.98828125,58272800
"Dec 10, 2025",623.8499755859375,629.2100219726562,620.989990234375,627.6099853515625,626.0130615234375,55031400
"Dec 9, 2025",623.010009765625,625.8699951171875,621.0,625.0499877929688,623.4595336914062,37156000
"Dec 8, 2025",627.2100219726562,628.8400268554688,621.6900024414062,624.280029296875,622.6915283203125,43462400
"Dec 5, 2025",624.3800048828125,628.9199829101562,623.7100219726562,625.47998046875,623.8884887695312,53614200
"Dec 4, 2025",624.9299926757812,624.9400024414062,619.5399780273438,622.9400024414062,621.35498046875,47067800
"Dec 3, 2025",619.6199951171875,624.219970703125,618.030029296875,623.52001953125,621.9334716796875,47841600
"Dec 2, 2025",619.4600219726562,623.75,617.5900268554688,622.0,620.4172973632812,54541800
"Dec 1, 2025",613.6300048828125,619.4400024414062,612.52001953125,617.1699829101562,615.599609375,40957600
"Nov 28, 2025",616.1099853515625,619.3200073242188,615.4199829101562,619.25,617.67431640625,23034400
"Nov 26, 2025",612.510009765625,616.1900024414062,610.3900146484375,614.27001953125,612.70703125,42393600
"Nov 25, 2025",603.510009765625,610.260009765625,597.3200073242188,608.8900146484375,607.3407592773438,57560900
"Nov 24, 2025",595.280029296875,606.6799926757812,595.1599731445312,605.1599731445312,603.6201782226562,60168100
"Nov 21, 2025",587.469970703125,596.97998046875,580.739990234375,590.0700073242188,588.568603515625,103344200
"Nov 20, 2025",611.6199951171875,614.030029296875,584.75,585.6699829101562,584.1797485351562,117743200
"Nov 19, 2025",597.0700073242188,606.1599731445312,594.5900268554688,599.8699951171875,598.3436279296875,73111500
"Nov 18, 2025",599.6199951171875,602.3099975585938,591.3400268554688,596.3099975585938,594.7926635742188,83327300
"Nov 17, 2025",606.2999877929688,612.47998046875,599.8699951171875,603.6599731445312,602.1240234375,63850400
"Nov 14, 2025",599.5499877929688,613.3499755859375,597.1699829101562,608.8599853515625,607.310791015625,80087300
"Nov 13, 2025",617.5399780273438,618.1199951171875,606.0800170898438,608.4000244140625,606.8519897460938,71333600
"Nov 12, 2025",624.8400268554688,624.8599853515625,617.8099975585938,621.0800170898438,619.4996948242188,47444400
"Nov 11, 2025",620.5700073242188,622.719970703125,617.52001953125,621.5700073242188,619.9884643554688,44868800
"Nov 10, 2025",618.9199829101562,624.3099975585938,616.8900146484375,623.22998046875,621.6442260742188,55919900
"Nov 7, 2025",608.3099975585938,609.9500122070312,598.6699829101562,609.739990234375,608.1885375976562,81835400
"Nov 6, 2025",621.7899780273438,622.0399780273438,610.2999877929688,611.6699829101562,610.1136474609375,72115100
"Nov 5, 2025",618.489990234375,626.5999755859375,617.2100219726562,623.280029296875,621.6941528320312,48688500
"Nov 4, 2025",623.280029296875,626.9500122070312,618.4600219726562,619.25,617.67431640625,63830800
"Nov 3, 2025",635.1099853515625,635.8200073242188,629.8499755859375,632.0800170898438,630.4716796875,37154300
"Oct 31, 2025",634.1699829101562,634.2000122070312,626.6900024414062,629.0700073242188,627.4694213867188,66305100
"Oct 30, 2025",632.1699829101562,633.5,625.9400024414062,626.0499877929688,624.45703125,61628600
"Oct 29, 2025",635.5900268554688,637.010009765625,630.25,635.77001953125,634.15234375,67422800
"Oct 28, 2025",630.3599853515625,634.6799926757812,629.25,632.9199829101562,631.3095703125,61195700
"Oct 27, 2025",624.52001953125,628.5499877929688,624.030029296875,628.0900268554688,626.4918823242188,54098600
"Oct 24, 2025",615.989990234375,618.4199829101562,615.1300048828125,617.0999755859375,615.52978515625,47632500
"Oct 23, 2025",604.9099731445312,611.3699951171875,604.52001953125,610.5800170898438,609.0264282226562,42844300
"Oct 22, 2025",610.8200073242188,611.4099731445312,599.739990234375,605.489990234375,603.9493408203125,61478800
"Oct 21, 2025",611.6400146484375,612.719970703125,609.3200073242188,611.3800048828125,609.8244018554688,44538200
"Oct 20, 2025",607.1400146484375,612.7999877929688,607.0700073242188,611.5399780273438,609.9839477539062,45761700
"Oct 17, 2025",597.9500122070312,605.510009765625,596.3699951171875,603.9299926757812,602.393310546875,72024900
"Oct 16, 2025",605.1099853515625,608.3099975585938,595.5,599.989990234375,598.46337890625,70982000
"Oct 15, 2025",604.010009765625,606.7000122070312,595.9299926757812,602.219970703125,600.6876831054688,62805500
"Oct 14, 2025",595.3099975585938,602.6900024414062,590.1300048828125,598.0,596.4784545898438,69203200
"Oct 13, 2025",599.6799926757812,602.9500122070312,597.22998046875,602.010009765625,600.4782104492188,65872600
"Oct 10, 2025",611.4000244140625,613.1799926757812,589.0499877929688,589.5,588.0000610351562,97614800
"Oct 9, 2025",611.47998046875,611.6099853515625,607.47998046875,610.7000122070312,609.1461181640625,45551000
"Oct 8, 2025",605.4099731445312,611.75,605.260009765625,611.4400024414062,609.8842163085938,50629800
"Oct 7, 2025",609.02001953125,609.7100219726562,603.030029296875,604.510009765625,602.9718627929688,58209500
"Oct 6, 2025",608.4500122070312,609.3599853515625,605.969970703125,607.7100219726562,606.1636962890625,41962100
"Oct 3, 2025",606.510009765625,607.3300170898438,601.3900146484375,603.1799926757812,601.645263671875,46482100
"Oct 2, 2025",607.0599975585938,607.1599731445312,602.9299926757812,605.72998046875,604.188720703125,43765400
"Oct 1, 2025",597.1699829101562,603.7899780273438,596.3400268554688,603.25,601.7150268554688,46899600
"Sep 30, 2025",598.4299926757812,600.7100219726562,596.0999755859375,600.3699951171875,598.8424072265625,46533800
"Sep 29, 2025",599.1099853515625,602.0499877929688,597.4099731445312,598.72998046875,597.20654296875,48332900
"Sep 26, 2025",594.3499755859375,596.2999877929688,591.0599975585938,595.969970703125,594.4535522460938,54337400
"Sep 25, 2025",592.2000122070312,595.1199951171875,588.5,593.530029296875,592.0198364257812,70920200
"Sep 24, 2025",599.5800170898438,599.9000244140625,593.3599853515625,596.0999755859375,594.583251953125,49850300
"Sep 23, 2025",602.3699951171875,602.5700073242188,596.97998046875,598.2000122070312,596.6779174804688,64635500
"Sep 22, 2025",597.739990234375,602.8699951171875,597.719970703125,602.2000122070312,600.667724609375,57154800
"Sep 19, 2025",597.3300170898438,600.0499877929688,595.8499755859375,599.3499755859375,597.1326904296875,58196100
"Sep 18, 2025",594.9099731445312,598.1400146484375,592.9600219726562,595.3200073242188,593.11767578125,61069300
"Sep 17, 2025",591.0999755859375,591.75,584.3699951171875,590.0,587.8173828125,69384800
"Sep 16, 2025",592.6099853515625,592.8599853515625,590.489990234375,591.1799926757812,588.992919921875,36942100
"Sep 15, 2025",588.4400024414062,591.7899780273438,588.2899780273438,591.6799926757812,589.4910888671875,44360300
"Sep 12, 2025",585.0399780273438,587.8599853515625,584.0999755859375,586.6599731445312,584.4896850585938,50745900
"Sep 11, 2025",583.239990234375,584.8800048828125,581.6199951171875,584.0800170898438,581.9192504882812,44745800
"Sep 10, 2025",583.739990234375,583.77001953125,578.5499877929688,580.7000122070312,578.5516967773438,49308000
"Sep 9, 2025",579.6699829101562,580.9400024414062,577.0399780273438,580.510009765625,578.3624267578125,44007600
"Sep 8, 2025",578.3699951171875,580.8400268554688,577.77001953125,578.8699951171875,576.728515625,46371400
"Sep 5, 2025",580.489990234375,581.1199951171875,571.530029296875,576.0599975585938,573.9288940429688,68342500
"Sep 4, 2025",570.739990234375,575.5999755859375,569.030029296875,575.22998046875,573.1019287109375,47526300
"Sep 3, 2025",569.22998046875,571.7000122070312,566.72998046875,570.0700073242188,567.9610595703125,54230200
"Sep 2, 2025",561.3099975585938,565.969970703125,559.5399780273438,565.6199951171875,563.5274658203125,65876800
"Aug 29, 2025",574.6599731445312,575.030029296875,568.5399780273438,570.4000244140625,568.2899169921875,56030400
"Aug 28, 2025",574.1099853515625,578.0,572.4600219726562,577.0800170898438,574.9451293945312,46787900
"Aug 27, 2025",571.5900268554688,574.4099731445312,570.3699951171875,573.489990234375,571.368408203125,36927100
"Aug 26, 2025",569.8300170898438,572.9199829101562,568.7999877929688,572.6099853515625,570.4916381835938,34103000
"Aug 25, 2025",570.4000244140625,573.2899780273438,569.1599731445312,570.3200073242188,568.2101440429688,34044700
"Aug 22, 2025",564.6699829101562,573.989990234375,563.27001953125,571.969970703125,569.85400390625,51502100
"Aug 21, 2025",564.3499755859375,566.489990234375,560.97998046875,563.280029296875,561.1962280273438,46436900
"Aug 20, 2025",568.3300170898438,568.4500122070312,558.8400268554688,565.9000244140625,563.8064575195312,76781100
"Aug 19, 2025",576.3900146484375,576.5599975585938,568.25,569.280029296875,567.1740112304688,53752600
"Aug 18, 2025",576.4400024414062,577.77001953125,575.239990234375,577.1099853515625,574.9749755859375,29831000
"Aug 15, 2025",579.7999877929688,579.8400268554688,575.5700073242188,577.3400268554688,575.2042236328125,49480200
"Aug 14, 2025",578.280029296875,581.8800048828125,577.9099731445312,579.8900146484375,577.7447509765625,45425000
"Aug 13, 2025",582.760009765625,583.3200073242188,578.9400024414062,580.3400268554688,578.193115234375,41209300
"Aug 12, 2025",575.1599731445312,580.3499755859375,572.489990234375,580.0499877929688,577.9041137695312,42143300
"Aug 11, 2025",574.6900024414062,576.7999877929688,571.5700073242188,572.8499755859375,570.730712890625,33112900
"Aug 8, 2025",570.4500122070312,574.77001953125,570.1500244140625,574.5499877929688,572.4244995117188,35255500
"Aug 7, 2025",571.6699829101562,573.3200073242188,565.1099853515625,569.239990234375,567.1341552734375,44463000
"Aug 6, 2025",561.1099853515625,567.760009765625,560.6300048828125,567.3200073242188,565.2212524414062,41823700
"Aug 5, 2025",565.3900146484375,566.5599975585938,559.72998046875,560.27001953125,558.1973266601562,48666600
"Aug 4, 2025",559.0499877929688,564.3200073242188,558.9500122070312,564.0999755859375,562.0131225585938,47669800
"Aug 1, 2025",558.8300170898438,559.02001953125,551.6799926757812,553.8800048828125,551.8309326171875,69400800
"Jul 31, 2025",574.5399780273438,574.6300048828125,563.8699951171875,565.010009765625,562.9197998046875,64613600
"Jul 30, 2025",568.1799926757812,570.6199951171875,565.0499877929688,568.02001953125,565.918701171875,43433800
"Jul 29, 2025",570.760009765625,572.1099853515625,566.530029296875,567.260009765625,565.1614379882812,45463300
"Jul 28, 2025",567.739990234375,569.0399780273438,566.8699951171875,568.1400146484375,566.0381469726562,31498700
"Jul 25, 2025",564.9299926757812,567.7000122070312,564.27001953125,566.3699951171875,564.2747802734375,30630800
"Jul 24, 2025",565.1300048828125,566.239990234375,563.2899780273438,565.010009765625,562.9197998046875,42275500
"Jul 23, 2025",562.3400268554688,563.8499755859375,559.5800170898438,563.8099975585938,561.7241821289062,40215300
"Jul 22, 2025",564.2999877929688,564.3499755859375,558.6099853515625,561.25,559.1736450195312,43270600
"Jul 21, 2025",562.0900268554688,566.0599975585938,562.0599975585938,564.1699829101562,562.0828857421875,39595200
"Jul 18, 2025",563.1199951171875,564.72998046875,559.97998046875,561.260009765625,559.1836547851562,50484700
"Jul 17, 2025",558.02001953125,562.3099975585938,557.2100219726562,561.7999877929688,559.7216796875,40423800
"Jul 16, 2025",557.280029296875,560.2100219726562,551.5599975585938,557.2899780273438,555.2283325195312,52314700
"Jul 15, 2025",560.25,560.7999877929688,556.6599731445312,556.719970703125,554.6604614257812,43277700
"Jul 14, 2025",553.989990234375,556.9500122070312,551.6300048828125,556.2100219726562,554.15234375,36453300
"Jul 11, 2025",553.2999877929688,555.7899780273438,552.0499877929688,554.2000122070312,552.1498413085938,39618600
"Jul 10, 2025",556.8900146484375,557.2999877929688,552.75,555.4500122070312,553.3951416015625,34710900
"Jul 9, 2025",554.47998046875,557.6300048828125,553.0999755859375,556.25,554.192138671875,43045500
"Jul 8, 2025",553.3800048828125,554.010009765625,551.0999755859375,552.3400268554688,550.2966918945312,36153300
"Jul 7, 2025",553.52001953125,554.3400268554688,549.5800170898438,552.030029296875,549.98779296875,45349300
"Jul 3, 2025",553.1799926757812,557.2000122070312,553.1799926757812,556.219970703125,554.1622924804688,26443500
"Jul 2, 2025",546.1599731445312,551.0,546.1199951171875,550.7999877929688,548.7623291015625,36538300
"Jul 1, 2025",549.72998046875,550.7100219726562,544.6599731445312,546.989990234375,544.9664306640625,56166700
"Jun 30, 2025",551.260009765625,552.7999877929688,549.010009765625,551.6400146484375,549.5991821289062,45548700
"Jun 27, 2025",547.260009765625,549.989990234375,544.5399780273438,548.0900268554688,546.0623779296875,57577100
"Jun 26, 2025",543.3499755859375,546.6699829101562,541.52001953125,546.219970703125,544.19921875,43811400
"Jun 25, 2025",542.0599975585938,543.3099975585938,539.3800048828125,541.1599731445312,539.157958984375,44804200
"Jun 24, 2025",536.8900146484375,540.7000122070312,536.27001953125,539.780029296875,537.7831420898438,45442000
"Jun 23, 2025",526.8099975585938,532.1699829101562,523.6500244140625,531.6500244140625,529.6832275390625,50666100
"Jun 20, 2025",532.260009765625,533.5599975585938,524.8800048828125,526.8300170898438,524.292236328125,61643500
"Jun 18, 2025",530.0999755859375,532.5499877929688,527.4000244140625,528.989990234375,526.4417724609375,43983500
"Jun 17, 2025",531.7100219726562,533.3300170898438,527.9099731445312,529.0800170898438,526.5313110351562,42180900
"Jun 16, 2025",530.5,535.3699951171875,530.4500122070312,534.2899780273438,531.71630859375,37622100
"Jun 13, 2025",527.6799926757812,531.8699951171875,525.72998046875,526.9600219726562,524.421630859375,55814400
"Jun 12, 2025",531.0900268554688,534.6400146484375,530.8400268554688,533.6599731445312,531.0892944335938,34104900
"Jun 11, 2025",535.6199951171875,536.780029296875,530.1099853515625,532.4099731445312,529.8452758789062,53701000
"Jun 10, 2025",531.1699829101562,534.9000244140625,528.8900146484375,534.2100219726562,531.63671875,40664800
"Jun 9, 2025",530.1400146484375,532.3499755859375,529.010009765625,530.7000122070312,528.1435546875,33688700
"Jun 6, 2025",530.0,531.7999877929688,528.2100219726562,529.9199829101562,527.3673706054688,42467000
"Jun 5, 2025",530.1799926757812,533.0499877929688,522.6599731445312,524.7899780273438,522.2620239257812,61031200
"Jun 4, 2025",528.010009765625,529.8400268554688,525.969970703125,528.77001953125,526.222900390625,41359300
"Jun 3, 2025",523.5599975585938,528.739990234375,522.6900024414062,527.2999877929688,524.7599487304688,44070300
"Jun 2, 2025",517.239990234375,523.4500122070312,515.969970703125,523.2100219726562,520.689697265625,44762800
"May 30, 2025",519.4400024414062,520.6799926757812,511.92999267578125,519.1099853515625,516.6094360351562,67662800
"May 29, 2025",526.3300170898438,526.47998046875,517.3200073242188,519.9299926757812,517.4254760742188,58513300
"May 28, 2025",522.1799926757812,523.6799926757812,518.3900146484375,518.9099731445312,516.4103393554688,46637200
"May 27, 2025",516.1500244140625,521.7100219726562,514.5900268554688,521.219970703125,518.7091674804688,47226300
"May 23, 2025",506.17999267578125,511.8399963378906,505.5799865722656,509.239990234375,506.78692626953125,58368100
"May 22, 2025",513.6599731445312,517.7100219726562,512.2999877929688,514.0,511.5240478515625,55607200
"May 21, 2025",516.27001953125,523.0,511.239990234375,513.0399780273438,510.5686340332031,71292800
"May 20, 2025",519.469970703125,520.9299926757812,516.6599731445312,520.27001953125,517.7638549804688,42517600
"May 19, 2025",514.239990234375,522.530029296875,514.239990234375,522.010009765625,519.4954833984375,52536200
"May 16, 2025",520.6599731445312,521.7000122070312,517.0999755859375,521.510009765625,518.997802734375,48394600
"May 15, 2025",516.52001953125,521.9299926757812,515.1699829101562,519.25,516.7487182617188,50153300
"May 14, 2025",516.77001953125,519.22998046875,515.75,518.6799926757812,516.1815185546875,47014500
"May 13, 2025",509.1600036621094,517.3900146484375,508.4200134277344,515.5900268554688,513.1063232421875,53269600
"May 12, 2025",506.989990234375,507.8900146484375,501.4800109863281,507.8500061035156,505.4036560058594,45090600
"May 9, 2025",490.2099914550781,491.5400085449219,486.20001220703125,487.9700012207031,485.6194152832031,27767400
"May 8, 2025",488.5299987792969,492.70001220703125,484.1700134277344,488.2900085449219,485.9378662109375,39577600
"May 7, 2025",482.0799865722656,485.79998779296875,476.7799987792969,483.29998779296875,480.97186279296875,38006300
"May 6, 2025",479.55999755859375,485.04998779296875,478.19000244140625,481.4100036621094,479.09100341796875,32786300
"May 5, 2025",484.6000061035156,489.0299987792969,484.1000061035156,485.92999267578125,483.5892028808594,28309500
"May 2, 2025",486.5400085449219,490.9100036621094,484.8299865722656,488.8299865722656,486.4752197265625,39218100
"May 1, 2025",483.4100036621094,487.17999267578125,480.739990234375,481.67999267578125,479.3596496582031,43316500
"Apr 30, 2025",467.1300048828125,477.20001220703125,462.42999267578125,475.4700012207031,473.1795959472656,46810600
"Apr 29, 2025",470.1700134277344,476.4200134277344,469.5899963378906,475.5299987792969,473.2393493652344,30613100
"Apr 28, 2025",473.0299987792969,474.80999755859375,466.0299987792969,472.4100036621094,470.13433837890625,33550800
"Apr 25, 2025",466.9700012207031,473.0899963378906,465.3900146484375,472.55999755859375,470.2835998535156,38697100
"Apr 24, 2025",456.4800109863281,467.6600036621094,455.8299865722656,467.3500061035156,465.0987243652344,45956100
"Apr 23, 2025",458.1700134277344,463.3800048828125,452.8800048828125,454.55999755859375,452.3703308105469,55801100
"Apr 22, 2025",438.82000732421875,447.5799865722656,437.6199951171875,444.4800109863281,442.3388671875,52304400
"Apr 21, 2025",438.2300109863281,439.0799865722656,427.92999267578125,433.1099853515625,431.02362060546875,44149300
"Apr 17, 2025",447.1700134277344,447.75,441.3599853515625,444.1000061035156,441.960693359375,44837000
"Apr 16, 2025",449.0299987792969,452.6199951171875,437.760009765625,444.17999267578125,442.0403137207031,48980600
"Apr 15, 2025",458.5400085449219,462.3800048828125,456.1499938964844,457.989990234375,455.7838134765625,35404200
"Apr 14, 2025",464.4599914550781,465.04998779296875,452.6300048828125,457.4800109863281,455.27630615234375,43941200
"Apr 11, 2025",444.6499938964844,455.7900085449219,441.3299865722656,454.3999938964844,452.21112060546875,52483800
"Apr 10, 2025",453.55999755859375,455.5899963378906,432.6300048828125,446.17999267578125,444.0306701660156,108384100
"Apr 9, 2025",415.57000732421875,467.8299865722656,415.42999267578125,466.0,463.75518798828125,142876900
"Apr 8, 2025",438.1600036621094,443.1400146484375,409.7900085449219,416.05999755859375,414.0557861328125,101248100
"Apr 7, 2025",408.6600036621094,443.1400146484375,402.3900146484375,423.69000244140625,421.6490478515625,161557000
"Apr 4, 2025",438.1400146484375,440.3699951171875,422.6700134277344,422.6700134277344,420.6339416503906,117088400
"Apr 3, 2025",456.44000244140625,460.07000732421875,450.1400146484375,450.6600036621094,448.4891357421875,70456300
"Apr 2, 2025",466.1199951171875,479.55999755859375,465.8599853515625,476.1499938964844,473.8563232421875,49894500
"Apr 1, 2025",467.29998779296875,473.6300048828125,464.4200134277344,472.70001220703125,470.4229736328125,41156200
"Mar 31, 2025",461.9200134277344,469.8599853515625,457.3299865722656,468.9200134277344,466.6611633300781,53000300
"Mar 28, 2025",479.80999755859375,480.5199890136719,468.04998779296875,468.94000244140625,466.6810607910156,46363800
"Mar 27, 2025",482.4100036621094,486.5799865722656,480.25,481.6199951171875,479.3000183105469,33469800
"Mar 26, 2025",492.29998779296875,493.1600036621094,482.82000732421875,484.3800048828125,482.04669189453125,34627100
"Mar 25, 2025",491.3900146484375,493.6199951171875,490.4200134277344,493.4599914550781,491.0829162597656,26035200
"Mar 24, 2025",487.739990234375,491.510009765625,484.3999938964844,490.6600036621094,488.29644775390625,34567200
"Mar 21, 2025",474.0799865722656,481.6099853515625,472.9100036621094,480.8399963378906,477.8111572265625,42234900
"Mar 20, 2025",476.8800048828125,484.54998779296875,476.17999267578125,479.260009765625,476.2411193847656,36780500
"Mar 19, 2025",476.80999755859375,485.3299865722656,474.8699951171875,480.8900146484375,477.86090087890625,40430300
"Mar 18, 2025",479.4100036621094,479.6099853515625,472.4100036621094,474.5400085449219,471.5509033203125,39072300
"Mar 17, 2025",479.6099853515625,485.8399963378906,477.79998779296875,482.7699890136719,479.7290344238281,41744400
"Mar 14, 2025",473.7300109863281,480.55999755859375,473.1199951171875,479.6600036621094,476.6386413574219,43563000
"Mar 13, 2025",476.25,476.2799987792969,466.42999267578125,468.3399963378906,465.3899230957031,46563300
"Mar 12, 2025",479.1600036621094,481.05999755859375,471.7900085449219,476.9200134277344,473.9159240722656,46971100
"Mar 11, 2025",472.3500061035156,478.80999755859375,467.010009765625,471.6000061035156,468.6294250488281,68760800
"Mar 10, 2025",483.45001220703125,483.9700012207031,468.6600036621094,472.7300109863281,469.7522888183594,76668000
"Mar 7, 2025",487.1600036621094,493.2799987792969,480.5299987792969,491.7900085449219,488.6922302246094,54714700
"Mar 6, 2025",493.69000244140625,498.5799865722656,486.20001220703125,488.20001220703125,485.1248474121094,57574300
"Mar 5, 2025",496.20001220703125,503.6300048828125,491.260009765625,502.010009765625,498.8478088378906,46323700
"Mar 4, 2025",494.17999267578125,503.739990234375,487.739990234375,495.54998779296875,492.42852783203125,67875400
"Mar 3, 2025",511.5199890136719,513.0399780273438,493.5799865722656,497.04998779296875,493.9190673828125,44587200
"Feb 28, 2025",500.1300048828125,508.7799987792969,496.92999267578125,508.1700134277344,504.9690856933594,47654000
"Feb 27, 2025",518.1300048828125,519.0700073242188,500.04998779296875,500.2699890136719,497.1187744140625,52448000
"Feb 26, 2025",515.530029296875,519.6599731445312,511.3699951171875,514.5599975585938,511.31878662109375,34457600
"Feb 25, 2025",519.239990234375,519.3200073242188,509.44000244140625,513.3200073242188,510.0866394042969,48940000
"Feb 24, 2025",527.8800048828125,529.0700073242188,519.530029296875,519.8699951171875,516.5953369140625,39268400
"Feb 21, 2025",538.3800048828125,538.4000244140625,525.7100219726562,526.0800170898438,522.7661743164062,47093800
"Feb 20, 2025",538.72998046875,539.0999755859375,532.4600219726562,537.22998046875,533.845947265625,26550800
"Feb 19, 2025",538.5700073242188,540.8099975585938,536.4600219726562,539.52001953125,536.1216430664062,19666900
"Feb 18, 2025",539.72998046875,540.0,536.0399780273438,539.3699951171875,535.9724731445312,20565000
"Feb 14, 2025",536.010009765625,538.8400268554688,535.6699829101562,538.1500244140625,534.76025390625,17862600
"Feb 13, 2025",529.97998046875,536.219970703125,529.1900024414062,535.9000244140625,532.5244140625,28714800
"Feb 12, 2025",522.2999877929688,529.1900024414062,521.9500122070312,528.2999877929688,524.9722290039062,25009400
"Feb 11, 2025",525.9600219726562,529.9199829101562,525.8300170898438,527.989990234375,524.6641845703125,19325500
"Feb 10, 2025",527.219970703125,530.3599853515625,526.75,529.25,525.9161987304688,20852800
"Feb 7, 2025",530.1400146484375,532.0999755859375,522.1900024414062,522.9199829101562,519.6260986328125,29605500
"Feb 6, 2025",527.3599853515625,529.8099975585938,525.739990234375,529.5999755859375,526.2640991210938,19434500
"Feb 5, 2025",521.8200073242188,527.010009765625,520.6199951171875,526.8499755859375,523.5313720703125,21134100
"Feb 4, 2025",518.6300048828125,525.1099853515625,518.22998046875,524.469970703125,521.1663818359375,26046800
"Feb 3, 2025",513.469970703125,520.8499755859375,511.04998779296875,518.1099853515625,514.8463745117188,40580800
"Jan 31, 2025",526.9199829101562,531.52001953125,521.1900024414062,522.2899780273438,519.0000610351562,38755200
"Jan 30, 2025",523.7100219726562,526.0999755859375,518.2100219726562,523.0499877929688,519.7553100585938,27431300
"Jan 29, 2025",522.4600219726562,522.5900268554688,516.9000244140625,520.8300170898438,517.5493774414062,26649000
"Jan 28, 2025",515.219970703125,523.0,511.7799987792969,521.8099975585938,518.5231323242188,33194200
"Jan 27, 2025",511.0,517.989990234375,510.1499938964844,514.2100219726562,510.97100830078125,60771700
"Jan 24, 2025",533.02001953125,533.7899780273438,528.1500244140625,529.6300048828125,526.2938232421875,19878300
"Jan 23, 2025",529.0399780273438,532.760009765625,528.4500122070312,532.6400146484375,529.2848510742188,23096600
"Jan 22, 2025",529.5700073242188,533.8200073242188,529.260009765625,531.510009765625,528.1619873046875,33593000
"Jan 21, 2025",524.47998046875,525.969970703125,520.0599975585938,524.7999877929688,521.4943237304688,23628000
"Jan 17, 2025",522.8499755859375,524.0700073242188,513.1099853515625,521.739990234375,518.4535522460938,51837900
"Jan 16, 2025",518.97998046875,519.0599975585938,512.9500122070312,513.0800170898438,509.84814453125,28229000
"Jan 15, 2025",513.030029296875,517.8499755859375,511.4599914550781,516.7000122070312,513.4453125,34957600
"Jan 14, 2025",508.739990234375,510.1600036621094,501.5899963378906,505.0799865722656,501.8985290527344,33737200
"Jan 13, 2025",501.20001220703125,506.0199890136719,499.70001220703125,505.55999755859375,502.37548828125,31694200
"Jan 10, 2025",511.4800109863281,511.5799865722656,503.9200134277344,507.19000244140625,503.9952392578125,40532500
"Jan 8, 2025",515.0800170898438,516.9199829101562,510.57000732421875,515.27001953125,512.0243530273438,30777800
"Jan 7, 2025",525.5900268554688,525.989990234375,513.280029296875,515.1799926757812,511.9349060058594,36690300
"Jan 6, 2025",524.02001953125,527.9199829101562,522.030029296875,524.5399780273438,521.2359008789062,36109700
"Jan 3, 2025",513.3499755859375,519.6500244140625,512.530029296875,518.5800170898438,515.3134765625,29059500
"Jan 2, 2025",514.2999877929688,516.6400146484375,505.7099914550781,510.2300109863281,507.0160827636719,36389800
"Dec 31, 2024",516.9000244140625,517.6599731445312,510.260009765625,511.2300109863281,508.00982666015625,29117000
"Dec 30, 2024",515.510009765625,519.3599853515625,511.8299865722656,515.6099853515625,512.3621826171875,34584000
"Dec 27, 2024",526.010009765625,526.4500122070312,517.8599853515625,522.5599975585938,519.2684326171875,33839600
"Dec 26, 2024",528.3200073242188,531.239990234375,526.3099975585938,529.5999755859375,526.2640991210938,19090500
"Dec 24, 2024",524.8300170898438,530.0499877929688,524.1900024414062,529.9600219726562,526.6217651367188,17558200
"Dec 23, 2024",519.5499877929688,523.25,516.1300048828125,522.8699951171875,519.576416015625,29672800
"Dec 20, 2024",510.44000244140625,524.8200073242188,509.2900085449219,518.6599731445312,514.5632934570312,60530000
"Dec 19, 2024",521.1900024414062,521.760009765625,513.8300170898438,514.1699829101562,510.1086730957031,46441800
"Dec 18, 2024",535.1500244140625,536.8800048828125,515.010009765625,516.469970703125,512.3905029296875,54703200
"Dec 17, 2024",536.3599853515625,537.47998046875,534.1300048828125,535.7999877929688,531.5677490234375,28579100
"Dec 16, 2024",533.0800170898438,539.1500244140625,533.0,538.1699829101562,533.9191284179688,31979900
"Dec 13, 2024",530.4600219726562,533.1699829101562,527.2999877929688,530.530029296875,526.3394775390625,28780400
"Dec 12, 2024",527.6799926757812,528.9600219726562,526.02001953125,526.5,522.3412475585938,23577500
"Dec 11, 2024",525.0,530.6099853515625,524.5900268554688,529.9199829101562,525.7343139648438,32168600
"Dec 10, 2024",523.6199951171875,525.3800048828125,519.1599731445312,520.5999755859375,516.4878540039062,24350000
"Dec 9, 2024",525.5499877929688,526.3499755859375,521.219970703125,522.3800048828125,518.25390625,20674400
"Dec 6, 2024",522.47998046875,526.719970703125,522.3499755859375,526.47998046875,522.3214721679688,23762600
"Dec 5, 2024",523.3099975585938,524.0399780273438,521.4199829101562,521.8099975585938,517.6883544921875,18169600
"Dec 4, 2024",520.3200073242188,523.52001953125,519.5999755859375,523.260009765625,519.126953125,26086200
"Dec 3, 2024",513.9500122070312,517.1500244140625,513.3699951171875,516.8699951171875,512.7872924804688,18597900
"Dec 2, 2024",511.010009765625,516.260009765625,510.6199951171875,515.2899780273438,511.2197570800781,25147200
"Nov 29, 2024",505.92999267578125,510.3399963378906,505.30999755859375,509.739990234375,505.71368408203125,15334000
"Nov 27, 2024",508.1700134277344,508.239990234375,501.92999267578125,505.29998779296875,501.30877685546875,24957400
"Nov 26, 2024",508.0799865722656,510.1400146484375,507.2300109863281,509.30999755859375,505.2870788574219,26557100
"Nov 25, 2024",509.8999938964844,511.45001220703125,504.260009765625,506.5899963378906,502.58856201171875,26375200
"Nov 22, 2024",504.4200134277344,506.5299987792969,502.7799987792969,505.7900085449219,501.7948913574219,23826600
"Nov 21, 2024",506.239990234375,506.9599914550781,497.55999755859375,504.9800109863281,500.9913024902344,34526700
"Nov 20, 2024",503.1600036621094,503.4800109863281,496.55999755859375,503.1700134277344,499.1955871582031,29565500
"Nov 19, 2024",497.4200134277344,503.95001220703125,497.0799865722656,503.4599914550781,499.4833068847656,24523000
"Nov 18, 2024",498.1300048828125,502.1400146484375,496.7300109863281,500.0199890136719,496.0704650878906,27080800
"Nov 15, 2024",502.94000244140625,503.3299865722656,494.489990234375,496.57000732421875,492.6477355957031,51461100
"Nov 14, 2024",511.9100036621094,512.7899780273438,507.7699890136719,508.69000244140625,504.6720275878906,28679500
"Nov 13, 2024",512.4000244140625,514.97998046875,509.95001220703125,512.25,508.203857421875,24567400
"Nov 12, 2024",513.77001953125,514.6599731445312,509.8299865722656,512.9099731445312,508.8586120605469,25835300
"Nov 11, 2024",515.3699951171875,515.5800170898438,510.9200134277344,513.8400268554688,509.7813415527344,24167500
"Nov 8, 2024",513.0399780273438,514.9199829101562,512.4099731445312,514.1400146484375,510.0789489746094,22924500
"Nov 7, 2024",508.3999938964844,514.3300170898438,508.3399963378906,513.5399780273438,509.4836120605469,32853100
"Nov 6, 2024",500.55999755859375,506.4100036621094,499.6000061035156,505.5799865722656,501.5865173339844,43082200
"Nov 5, 2024",487.6099853515625,492.8800048828125,487.5199890136719,492.2099914550781,488.3221740722656,24353600
"Nov 4, 2024",486.82000732421875,489.3800048828125,484.25,486.010009765625,482.171142578125,23291600
"Nov 1, 2024",485.5,490.75,485.20001220703125,487.42999267578125,483.57989501953125,33655800
"Oct 31, 2024",492.3800048828125,492.42999267578125,483.75,483.8500061035156,480.0282287597656,41245200
"Oct 30, 2024",499.3900146484375,500.3500061035156,495.8900146484375,496.3800048828125,492.459228515625,29756000
"Oct 29, 2024",495.7200012207031,501.3500061035156,493.8500061035156,500.1600036621094,496.2093505859375,28014100
"Oct 28, 2024",498.4599914550781,498.5199890136719,495.1000061035156,495.3999938964844,491.4869384765625,20477800
"Oct 25, 2024",495.1400146484375,500.2799987792969,494.42999267578125,495.32000732421875,491.4075927734375,38762100
"Oct 24, 2024",492.1099853515625,493.0,489.44000244140625,492.32000732421875,488.4312744140625,22024900
"Oct 23, 2024",493.5899963378906,494.25,485.04998779296875,488.3599853515625,484.50250244140625,39346600
"Oct 22, 2024",492.7300109863281,497.45001220703125,491.9700012207031,495.9599914550781,492.04254150390625,26685800
"Oct 21, 2024",493.25,496.2300109863281,491.30999755859375,495.4200134277344,491.5068054199219,30336500
"Oct 18, 2024",494.05999755859375,495.57000732421875,493.29998779296875,494.4700012207031,490.56427001953125,25335000
"Oct 17, 2024",496.44000244140625,496.489990234375,491.19000244140625,491.25,487.36968994140625,27210700
"Oct 16, 2024",491.17999267578125,491.69000244140625,487.57000732421875,490.9100036621094,487.03240966796875,22996800
"Oct 15, 2024",497.8299865722656,498.5,488.67999267578125,490.8500061035156,486.972900390625,34784500
"Oct 14, 2024",495.7699890136719,498.8299865722656,495.260009765625,497.5,493.57037353515625,26060100
"Oct 11, 2024",490.739990234375,494.3900146484375,490.1700134277344,493.3599853515625,489.46307373046875,20644500
"Oct 10, 2024",490.8500061035156,494.4700012207031,489.5299987792969,492.5899963378906,488.6991271972656,25750400
"Oct 9, 2024",489.0,493.7300109863281,487.95001220703125,493.1499938964844,489.25469970703125,24995000
"Oct 8, 2024",484.6600036621094,489.989990234375,483.8500061035156,489.29998779296875,485.4351501464844,28272000
"Oct 7, 2024",485.3900146484375,486.57000732421875,480.8699951171875,482.1000061035156,478.2919921875,24975100
"Oct 4, 2024",487.45001220703125,487.8800048828125,482.3900146484375,487.32000732421875,483.4707946777344,30686600
"Oct 3, 2024",479.739990234375,484.54998779296875,478.989990234375,481.5899963378906,477.7860107421875,25337200
"Oct 2, 2024",480.3599853515625,483.8800048828125,477.7200012207031,481.95001220703125,478.1432189941406,23744000
"Oct 1, 2024",487.70001220703125,488.0,477.3999938964844,481.2699890136719,477.46856689453125,42735400
"Sep 30, 2024",485.7799987792969,488.4100036621094,482.9200134277344,488.07000732421875,484.21484375,30281100
"Sep 27, 2024",490.5,490.6400146484375,485.55999755859375,486.75,482.9052734375,22851100
"Sep 26, 2024",493.3699951171875,493.70001220703125,485.79998779296875,489.4700012207031,485.6037902832031,32020200
"Sep 25, 2024",484.739990234375,487.7900085449219,484.55999755859375,485.82000732421875,481.98260498046875,26549900
"Sep 24, 2024",484.4599914550781,486.3299865722656,480.1700134277344,485.3699951171875,481.5361328125,25952600
"Sep 23, 2024",482.95001220703125,484.1400146484375,481.6000061035156,483.0400085449219,479.224609375,24843000
"Sep 20, 2024",482.489990234375,483.69000244140625,478.29998779296875,482.44000244140625,477.9576416015625,34577700
"Sep 19, 2024",482.6099853515625,486.2300109863281,480.489990234375,483.3599853515625,478.869140625,52782500
"Sep 18, 2024",474.70001220703125,478.8299865722656,470.8299865722656,471.44000244140625,467.05987548828125,39909200
"Sep 17, 2024",476.2900085449219,477.6000061035156,470.9700012207031,473.489990234375,469.0908203125,30084400
"Sep 16, 2024",473.19000244140625,473.8599853515625,469.8900146484375,473.239990234375,468.8431396484375,22585600
"Sep 13, 2024",472.4800109863281,476.5299987792969,472.25,475.3399963378906,470.9236145019531,29111800
"Sep 12, 2024",468.6499938964844,474.0400085449219,466.8500061035156,473.2200012207031,468.8233642578125,40067800
"Sep 11, 2024",459.9100036621094,469.3699951171875,451.2799987792969,468.6199951171875,464.2660827636719,57843000
"Sep 10, 2024",456.239990234375,459.1700134277344,452.2300109863281,458.6600036621094,454.39862060546875,29680300
"Sep 9, 2024",453.05999755859375,455.4599914550781,449.82000732421875,454.4599914550781,450.2376403808594,32981200
"Sep 6, 2024",460.3299865722656,461.2200012207031,448.19000244140625,448.69000244140625,444.521240234375,50624400
"Sep 5, 2024",458.9700012207031,465.3599853515625,457.94000244140625,461.0400085449219,456.7564697265625,34452400
"Sep 4, 2024",458.6700134277344,464.45001220703125,457.7300109863281,460.6099853515625,456.3304443359375,32505100
"Sep 3, 2024",473.20001220703125,473.3299865722656,459.4100036621094,461.80999755859375,457.51934814453125,44985200
"Aug 30, 2024",475.0400085449219,476.8999938964844,470.510009765625,476.2699890136719,471.844970703125,33466500
"Aug 29, 2024",473.2799987792969,477.92999267578125,469.3699951171875,470.6600036621094,466.2871398925781,41081500
"Aug 28, 2024",476.2900085449219,477.0199890136719,467.8900146484375,471.3500061035156,466.970703125,37372400
"Aug 27, 2024",473.69000244140625,477.8399963378906,471.7099914550781,476.760009765625,472.3304138183594,27510000
"Aug 26, 2024",479.45001220703125,480.3800048828125,473.239990234375,475.3399963378906,470.9236145019531,27452600
"Aug 23, 2024",479.239990234375,482.739990234375,475.2799987792969,480.0,475.540283203125,36061500
"Aug 22, 2024",484.8399963378906,485.5400085449219,473.80999755859375,474.8500061035156,470.4382019042969,37739600
"Aug 21, 2024",481.04998779296875,484.3699951171875,479.32000732421875,482.5,478.0171203613281,25658800
"Aug 20, 2024",480.3500061035156,482.94000244140625,478.54998779296875,480.260009765625,475.7979736328125,29209300
"Aug 19, 2024",475.1700134277344,481.30999755859375,473.3699951171875,481.2699890136719,476.79852294921875,23737700
"Aug 16, 2024",472.6199951171875,476.4100036621094,471.6499938964844,475.0299987792969,470.61651611328125,38383600
"Aug 15, 2024",468.760009765625,474.82000732421875,468.3800048828125,474.4200134277344,470.01220703125,38280600
"Aug 14, 2024",463.510009765625,465.1099853515625,458.3999938964844,462.7300109863281,458.43084716796875,34733700
"Aug 13, 2024",455.82000732421875,462.8500061035156,455.67999267578125,462.5799865722656,458.28216552734375,40084500
"Aug 12, 2024",451.3900146484375,454.3699951171875,448.54998779296875,451.3800048828125,447.186279296875,27795000
"Aug 9, 2024",446.739990234375,452.05999755859375,445.6099853515625,450.4100036621094,446.22528076171875,33574000
"Aug 8, 2024",441.05999755859375,448.989990234375,437.1499938964844,448.07000732421875,443.90704345703125,47890100
"Aug 7, 2024",446.489990234375,449.0,434.3699951171875,434.7699890136719,430.73052978515625,54929200
"Aug 6, 2024",437.2300109863281,447.07000732421875,434.55999755859375,439.5299987792969,435.4463195800781,63164400
"Aug 5, 2024",424.7099914550781,442.2900085449219,423.45001220703125,435.3699951171875,431.32501220703125,87483500
"Aug 2, 2024",450.8900146484375,453.57000732421875,444.4700012207031,448.75,444.5806884765625,66323200
"Aug 1, 2024",471.760009765625,475.54998779296875,455.9800109863281,459.6600036621094,455.3893127441406,56653900
"Jul 31, 2024",467.8699951171875,472.7900085449219,466.4100036621094,471.07000732421875,466.69329833984375,44552100
"Jul 30, 2024",465.8500061035156,466.55999755859375,454.1499938964844,457.5299987792969,453.2790832519531,41317200
"Jul 29, 2024",465.7099914550781,467.9100036621094,461.6199951171875,463.8999938964844,459.5899353027344,28218500
"Jul 26, 2024",462.6499938964844,465.92999267578125,459.7699890136719,462.9700012207031,458.6685791015625,39992100
"Jul 25, 2024",463.7200012207031,467.94000244140625,455.6300048828125,458.2699890136719,454.01220703125,59256800
"Jul 24, 2024",473.82000732421875,474.19000244140625,462.510009765625,463.3800048828125,459.0747985839844,58818600
"Jul 23, 2024",481.4100036621094,484.42999267578125,480.1400146484375,480.6199951171875,476.15460205078125,23282500
"Jul 22, 2024",481.1600036621094,483.3500061035156,477.7099914550781,482.32000732421875,477.8387451171875,40300000
"Jul 19, 2024",479.1499938964844,481.69000244140625,473.94000244140625,475.239990234375,470.8245849609375,42042900
"Jul 18, 2024",485.5299987792969,485.7099914550781,476.2699890136719,479.489990234375,475.0350646972656,49347400
"Jul 17, 2024",488.2799987792969,488.79998779296875,481.70001220703125,481.7699890136719,477.2938537597656,56268800
"Jul 16, 2024",497.6199951171875,498.44000244140625,493.1499938964844,496.3399963378906,491.7285461425781,25950600
"Jul 15, 2024",496.6099853515625,501.010009765625,494.0899963378906,496.1499938964844,491.540283203125,31151400
"Jul 12, 2024",492.510009765625,499.6199951171875,492.0400085449219,494.82000732421875,490.22265625,37109400
"Jul 11, 2024",503.07000732421875,503.2799987792969,490.7300109863281,491.92999267578125,487.3594970703125,49966600
"Jul 10, 2024",499.7099914550781,503.5199890136719,498.3900146484375,502.9599914550781,498.28704833984375,28046900